{
  "split": "val",
  "epoch": 100,
  "precision": 0.89897,
  "recall": 0.80983,
  "map50": 0.87109,
  "map50_95": 0.65412
}
